{"total_n": 2503, "sampled_n": 500, "space_time_high_res": {"mean": [-10.211032310533591, -17.20200795330242, 39.19431704300035, 5575.304212644564, 4953.475226682377, 5290.767630673883, 5491.774064219846, 2014.1906826946708, 1771.1969407818644, 0.5342172327822128, 0.47090678130443697, 0.48996712451896723, 0.5387226678574877, 0.19072142099639325, 0.16585455294715787], "std": [7.076153557012711, 6.9879153888742245, 4.248059053397804, 2729.8053235989782, 2664.122722686267, 3169.3357916945956, 3174.705934085342, 1371.2244984856259, 1181.215327165068, 0.26876556406376406, 0.2677007700386324, 0.31058787690998924, 0.3331695614689623, 0.14176619556505088, 0.12191877602587664]}, "space_time_med_res": {"mean": [95.61838599078361, 35.52162278748168], "std": [62.45987149547475, 25.252667240479003]}, "space_time_low_res": {"mean": [5980.603562235704, 5996.609415327442, 6142.455864329019, 6105.661461436835, 4419.369420057203, 2562.4345081966285, 1557.6083270438357, 0.5897821216419344, 0.25771566347896807, 0.3601658529671347, 0.038186696328245624], "std": [2737.644092982763, 2454.3448315625, 2621.5105954312417, 2692.594526947544, 1982.9282373414915, 1447.823128167333, 987.0108827497155, 0.2935064699947087, 0.16026261277838622, 0.2822045643107173, 0.32287340090043654]}, "space": {"mean": [1192.673279326042, 23.484425849016382, 175.659200908498, 37.911228298611114], "std": [533.2085712053614, 14.003401675876392, 108.98499293892253, 31.693066870225575]}, "time": {"mean": [0.6033284203701677, 0.603027173781734, 0.25644321305047846, 0.2809357507872318, 269.064678360907, 270.80798686118095, 0.0077373379605648746, -0.11200552042184332, 0.340027258686658], "std": [0.2915011949748623, 0.25037846288982823, 0.14912964058728434, 0.17315425286233319, 8.35991037918442, 7.992723788411279, 0.010854633619040599, 0.737309740790384, 0.8378506001434789]}, "static": {"mean": [-0.3581814981788636, -0.4692145657359817, 0.80442621105235], "std": [0.009400268200123484, 0.05810069425585376, 0.03127492478410318]}}