{"total_n": 147736, "sampled_n": 1000, "space_time_high_res": {"mean": [-10.466467478901551, -17.602839438080913, 38.50878017008792, 4474.834850801561, 3994.1256802841094, 4272.452261593039, 4679.58869491137, 2009.6304907851343, 1713.1039945097314, 0.4310964182974043, 0.38132733094151683, 0.39992616266744824, 0.46731410384162997, 0.1932352406231273, 0.16558893427199642], "std": [5.702659709336557, 6.033820290487746, 4.404125465894649, 2662.383462891555, 2542.126016091202, 2912.7543950671684, 2832.1244473682495, 1400.1891254571833, 1201.6289355623444, 0.2674920008190692, 0.2610771057308708, 0.2946933311381211, 0.30429263656998684, 0.1428144960549559, 0.1226196902122317]}, "space_time_med_res": {"mean": [89.94991131645105, 36.12360742397617], "std": [61.695846276618454, 27.103041757908297]}, "space_time_low_res": {"mean": [4766.907632561677, 5133.672837286765, 4726.100860519573, 4778.368128240525, 4026.510315743418, 2475.200644775168, 1541.047566576044, 0.46491018852487037, 0.2430758024784976, 0.2130653293938272, 0.10443786339653129], "std": [2939.2494642984893, 2548.15871468431, 2942.3355878551315, 2932.1375670363705, 1885.0417473818338, 1432.619007776775, 1050.1478535133288, 0.2994909952697069, 0.14733758859325524, 0.3694954228437823, 0.3326174125313204]}, "space": {"mean": [1302.2319846254834, 17.895572466422053, 173.23958356823982, 26.130700954861112], "std": [777.5827334641967, 11.469020895270152, 106.00507253034515, 25.052005555734745]}, "time": {"mean": [0.4771782332328465, 0.5094953907139236, 0.242600071185276, 0.24794115865886973, 266.8904850294795, 268.4768504533231, 0.002727755936056187, 0.3684766829187945, 0.1496500778199206], "std": [0.2958723251024942, 0.24819247049572402, 0.1386617187556569, 0.1554773532439862, 12.728749647147394, 11.681991142009492, 0.0059435772168559275, 1.371188449762142, 1.2841154126350587]}, "static": {"mean": [-0.1539267349060972, 0.1252769512210824, 0.7678854802297603], "std": [0.3389258834629117, 0.5025918111985949, 0.05911727210560666]}}