{"total_n": 147736, "sampled_n": 147736, "space_time_high_res": {"mean": [-10.605748356187236, -17.79084771791896, 38.39982361114149, 4355.376300634849, 3882.7519148710107, 4146.188771372028, 4546.248604542958, 1963.243477102279, 1678.2124234663863, 0.41197613674164707, 0.36293346653220393, 0.37918586940944715, 0.44617762692497337, 0.18479345614692502, 0.15777037859852405], "std": [5.703934142962416, 6.162654767457646, 4.49888635979608, 2665.440640828456, 2541.15620890833, 2904.3648282220406, 2831.0264989656284, 1403.3501581966318, 1211.1151568735747, 0.2603021137583607, 0.2530730311021146, 0.28440570500794193, 0.2903513018233054, 0.1375879846502123, 0.1201704071722573]}, "space_time_med_res": {"mean": [87.34965645891027, 35.158658010151846], "std": [60.43742509400476, 26.90851785083276]}, "space_time_low_res": {"mean": [4662.614983333932, 5032.203077543281, 4628.9118264595445, 4674.261644043808, 3950.6838192469627, 2431.257175369581, 1518.3082156410594, 0.4518796050588884, 0.23553632582803163, 0.21351667607569513, 0.10290005682470098], "std": [2883.4338817843377, 2492.3394623156987, 2899.5984713760495, 2880.5851938691426, 1870.912285423125, 1425.0633783952778, 1046.833011993587, 0.2968816703216806, 0.1455435866955775, 0.379135990504012, 0.2779102298914394]}, "space": {"mean": [1320.3202065324665, 17.69017090300521, 175.74688577050696, 26.31477420085011], "std": [793.5168739954584, 11.489492522991807, 105.75949585356291, 24.827732986118818]}, "time": {"mean": [0.4616170861358136, 0.49583455870685894, 0.23460856473264582, 0.23917876802239257, 266.7867532528141, 268.3919553828804, 0.0025949293456976478, 0.3894713050188156, 0.15164391663144908], "std": [0.29415828242516306, 0.24634183737949575, 0.13659967495654074, 0.1539152994535085, 13.025270316019826, 11.997158072590533, 0.005666643459281478, 1.3319183328718962, 1.2581103425762254]}, "static": {"mean": [-0.14016830248744896, 0.1364934382301802, 0.7648030210007715], "std": [0.34963152692784083, 0.501194079332581, 0.05799627651991108]}}
