{"total_n": 95575, "sampled_n": 1000, "space_time_high_res": {"mean": [-20.886081597797876, -28.022583599911712, 28.109769411460448, 4279.794744839149, 3819.5376575835107, 4068.430460135847, 4459.136917821527, 1952.6819469186257, 1675.9913362725151, -88.05798622418796, -87.91995478721746, -87.91058017107557, -87.80721650454062, -87.93369590107451, -87.93539374924734], "std": [292.5264520757653, 292.3242921067771, 293.8617272205195, 2669.6019147841257, 2563.2213004612063, 2921.251446678185, 2849.860210149146, 1392.7930308374566, 1216.686978905237, 881.0840466596353, 880.1814884723847, 880.1978122626281, 879.9981575650696, 879.3755472462079, 879.2403709673882]}, "space": {"mean": [1329.3549496527778, 17.206399541219074], "std": [790.7691505748664, 11.06067623286836]}, "time": {"mean": [1.0, 1.0, 1.0, 1.0, 1.0, 1.0, 1.0, 1.0, 1.0, 1.0, 1.0, 1.0, 1.0, 1.0, 1.0, 1.0, 1.0, 1.0, 1.0], "std": [1.0, 1.0, 1.0, 1.0, 1.0, 1.0, 1.0, 1.0, 1.0, 1.0, 1.0, 1.0, 1.0, 1.0, 1.0, 1.0, 1.0, 1.0, 1.0]}, "static": {"mean": [-0.133522652387619, 0.12894471454620363, 0.761677734375], "std": [0.3540266344915576, 0.5065328441106702, 0.05892801574577143]}}