{"total_n": 149494, "sampled_n": 149494, "space_time_high_res": {"mean": [-10.518379697470083, -17.63002356797126, 38.37695540282618, 4337.530220578027, 3869.3043514319875, 4128.289952951675, 4537.972236838763, 1979.641466992517, 1686.8682055803677, 0.4096645501053364, 0.36104979212012395, 0.3768837078398877, 0.44523783852208776, 0.18620866603641334, 0.15848207069431905], "std": [5.605959243046265, 6.0790407289680335, 4.496467247451581, 2668.5194315893814, 2543.34325447387, 2905.118873293944, 2824.2228974809163, 1414.4559191296005, 1218.7744565567027, 0.2604674251516352, 0.2530917861335201, 0.2842045143082316, 0.2890495014052238, 0.13861273402791593, 0.12100613391693249]}, "space_time_med_res": {"mean": [87.457754562646, 35.04930787547541], "std": [60.49770302454427, 26.925085979577165]}, "space_time_low_res": {"mean": [4649.656748386319, 5034.378467619747, 4615.93777282928, 4662.047800005378, 3968.9457225742744, 2453.469727903803, 1531.9235243154455, 0.44928241944990016, 0.23659590113086632, 0.20713347750527492, 0.1064655817849913], "std": [2891.6444072782683, 2491.707901775423, 2908.5098963831615, 2887.7269600367854, 1879.7175372566198, 1439.6662049957306, 1056.9698309108235, 0.2972030208534677, 0.1461928048136734, 0.3801672592674552, 0.2746523595273644]}, "space": {"mean": [1305.4308460426078, 17.7724181697138, 175.73691689015922, 25.96371695193387], "std": [791.1447626043298, 11.475166498824034, 105.74833282445604, 24.55617606765257]}, "time": {"mean": [0.45882969076923635, 0.4948569092270282, 0.2356215861683604, 0.2393453391135107, 267.2264849846299, 268.80295981555116, 0.002661258656720656, 0.38327461922298584, 0.15513543102270907], "std": [0.2945904575818176, 0.24594692065931095, 0.1373001082293083, 0.15424672968645978, 12.967191463315915, 11.930600142926092, 0.005779257017203647, 1.3246361788291885, 1.251855983284854]}, "static": {"mean": [-0.12257198951852927, 0.12766952357764316, 0.7630238491490606], "std": [0.36394006998487605, 0.5007256248945473, 0.05739324402519956]}}