{"n": 127155, "13": {"mean": [-11.474878996056844, -18.57369782650784, 1387.9195529513888, 1348.8671172417535, 1395.982162407769, 1587.6502634006076, 2208.3834382233795, 2539.773448848018, 2420.99869619864, 2757.5944539840134, 2279.2384118652344, 1514.5316530580874, 0.2766192260112331], "std": [5.413002253623776, 6.123537060956749, 828.6423238340553, 853.173526833337, 1110.7858991766166, 1065.9586216111923, 1066.3854359167062, 1168.9082762993348, 1115.5642696895563, 1234.1305922591773, 1255.4309479659084, 1067.3168416903, 0.273524724171476]}, "16": {"mean": [726.5225444878472, 6.28555967119005, 0.1096808536681864, 0.23259004382623566, 0.07690423968765471, 0.04099157119790713, 0.10860613268282679, 0.17442552058233154, 0.07585633279548751, 0.1372296581665675, 0.043346836848391426, 10.82541232638889, 1.1641710069444444, 0.7072482638888888, 0.00010850694444444444, 0.7301432291666666], "std": [827.7960958756504, 8.084661751966985, 0.19274580473904787, 0.235849815955567, 0.07410376017346071, 0.030477665819538317, 0.11150493317716591, 0.12991387195564633, 0.1326077243622227, 0.15616716177947085, 0.029718747015525678, 31.07010911785997, 10.726686653573678, 8.380013501323349, 0.10416661015298533, 8.513589946795925]}, "6": {"mean": [274.33338541666666, 0.08568763499458631, 684.3180227088928, 736.2455167643229, 559.8554011027019, 1.427624723762274], "std": [75.5733246743917, 0.11580071367308024, 728.4919951860553, 963.9853460875678, 450.1774462352336, 5.020018692054135]}, "18": {"mean": [225.82801391601564, 0.3261818695068359, 0.02347686767578125, 0.07165196418762207, 0.10974472045898437, 0.23157363891601562, 0.07760009765625, 0.04077713012695312, 0.108323974609375, 0.17442062377929687, 0.07570175170898437, 0.13758941650390624, 0.04357452392578125, 10.649622802734376, 1.2450609588623047, 0.766083984375, 6.8206787109375e-05, 0.7303661727905273], "std": [1154.7684223119231, 0.5082686315659689, 0.7207920138700336, 0.33176223345980677, 0.18324429823399116, 0.2044420179639545, 0.0618561370682213, 0.022559837791583957, 0.0965883307258824, 0.11735610864560805, 0.11352647400810786, 0.15136445550329702, 0.028851534675382786, 23.661831047391008, 6.0076922057618, 4.019872205456127, 0.0006786489629923387, 3.7768970005526183]}}