{"total_n": 138492, "sampled_n": 1000, "space_time_high_res": {"mean": [-19.788045783940593, -26.90591641282143, 29.091695586511698, 4362.158623488434, 3901.1160769434127, 4165.806542868747, 4561.050308775751, 1979.9090623803945, 1699.3791895877562, -97.13749328539116, -97.11795682515809, -97.17265483639032, -97.0322497969623, -97.31294173208295, -97.27075904517157], "std": [279.11459342482516, 278.921669035144, 280.4459869357919, 2660.1315277385065, 2541.7647883571403, 2901.0647651858353, 2827.2913594353686, 1403.5621392135117, 1223.465236486674, 929.3264233524088, 929.0182665560939, 929.347025416488, 929.0144211971866, 929.0580819253917, 928.7400293938917]}, "space": {"mean": [1299.9956666666667, 17.008362583931174], "std": [793.599624836258, 11.183367538012051]}, "time": {"mean": [-1578.593847226603, -1598.2180007746629, 4271.992738283917, 4309.078935173325, 3762.7461928323028, 2210.379549896186, 1267.736767620266, 0.42024243045811543, 0.20689563664214008, 0.4314759441241228, 0.4668535704742048, 0.20513659749759766, 0.20926125127602005, 264.951566890726, 266.51468120978353, 0.002694441333457685, 0.38051258596317017, 0.1518552325207969, 0.21044655229237463], "std": [6928.9765282442695, 6924.258882410738, 4065.3090618264478, 4049.023245023026, 3404.6920336376575, 3027.0101843193183, 2946.3585059633456, 0.4355640711483502, 0.33668334791473814, 0.4375291690997227, 0.40890848629101056, 0.33351192090730014, 0.3408309306583893, 26.903369224953387, 26.59754454844961, 0.00602045098279944, 1.3701267850759278, 1.2458952367524219, 0.37508502660975146]}, "static": {"mean": [-0.14312153675098577, 0.126224399039456, 0.7662677292820502], "std": [0.34903909339998485, 0.5011101389868959, 0.05897231341184606]}}