{"total_n": 138492, "sampled_n": 1000, "space_time_high_res": {"mean": [-19.789111867704513, -26.906344220385577, 29.09338010783908, 4362.158391359364, 3901.116230296457, 4165.806991232827, 4561.0510949023865, 1979.9081379248012, 1699.3787583152566, -97.16615950244473, -97.14654286585593, -97.20128260651894, -97.0609288985252, -97.34135133946143, -97.29911232849655], "std": [279.14872754294913, 278.9356647766301, 280.38817276587463, 2660.1322960134044, 2541.763123507132, 2901.064253832307, 2827.2910557750542, 1403.563569896914, 1223.4686619439788, 929.5977360607029, 929.2889156999522, 929.6179673397269, 929.2859536691019, 929.3270295463809, 929.0085447090497]}, "space": {"mean": [1299.9959088541666, 17.008374345143636], "std": [793.5997794828759, 11.183357061891925]}, "time": {"mean": [-1569.9856472483634, -1589.6262154420476, 4271.973759887695, 4309.076176086426, 3762.7520419921875, 2210.381452392578, 1267.7312982640267, 0.4202377928197384, 0.20689150777459145, 0.43147259163856505, 0.46684974575042726, 0.20513200159370898, 0.20925690372288228, 264.95154052734375, 266.51451416015624, 0.0026944246143102645, 0.3805119651891291, 0.15185555347800256, 0.21044592975825072], "std": [6927.288036834273, 6922.584118173003, 4065.291069740564, 4049.0130920967977, 3404.6936125559037, 3027.014150823654, 2946.3539773362336, 0.4355979010590221, 0.33672569050680945, 0.4375638037698729, 0.40894660892055407, 0.3335542029289937, 0.34087253641178555, 26.903458145450234, 26.597695257935978, 0.006020384709143908, 1.3701219876261936, 1.2459010687937169, 0.37508546592359915]}, "static": {"mean": [-0.1431210755109787, 0.12622042465209962, 0.76626611328125], "std": [0.34903464070162227, 0.5011058685045129, 0.05897742836776822]}}