{"total_n": 141758, "sampled_n": 1000, "space_time_high_res": {"mean": [-15.282774978810995, -22.530502245596516, 33.12766500764843, 4292.776151433267, 3829.2782701637116, 4088.9460888562307, 4483.469933314371, 1940.6194588113524, 1664.4343717407794, -102.12623123309514, -102.08545125382184, -102.10101767424376, -102.00620752321068, -102.29245393609281, -102.27982561288108, -131.25436771417642, -131.56484313542836, -131.35976251240592, -131.0965692139403, -132.1530159768901, -132.07780421799248, -7275.758972221558, -7314.243000555286, 4152.033930913038, 4189.717641686224, 3516.7848768456915, 2034.8500265706755, 1098.7495329377905, 0.42449810591216536, 0.21505597514033434], "std": [202.10769900373356, 201.96752039521715, 203.0363632325061, 2669.140826624688, 2539.9899240234863, 2897.252005670107, 2828.539299659888, 1384.0952055135074, 1206.6716425254183, 941.3867284063571, 940.9739225018446, 941.1151485120225, 940.9768438555524, 941.0599730650608, 940.889846177376, 1056.8367378904222, 1057.8679154592928, 1057.1173855404436, 1056.360452429474, 1059.4785804186095, 1059.0876472904558, 13701.544207967105, 13678.057849794475, 4574.658987470634, 4577.5410485027605, 3957.582260115101, 3601.6296040466764, 3574.1387229742963, 0.39052548849493013, 0.2766078860277099]}, "space_time_med_res": {"mean": [0.4351092417240143, 0.46988859224319457], "std": [0.38498525945933004, 0.35328487848456475]}, "space_time_low_res": {"mean": [0.21456015968509018, 0.21832351773045958, 265.38738671875, 266.955203125, 0.002442758521065116, 0.3610548211187124, 0.17431019826233388, -0.9883816986083984], "std": [0.2693602032674856, 0.27795667116676764, 22.847070688595085, 22.360739652576328, 0.005207405674159546, 1.2755601983591325, 1.2011184484781219, 0.14096828545145235]}, "space": {"mean": [1388.709021484375, 16.957737979518043], "std": [771.9455884981961, 11.028879636950418]}, "time": {"mean": [0.4351935954093933, 0.46996761322021485, 0.21457817071676255, 0.21834660002589226, 265.384296875, 266.95084375, 0.0024423221945762633, 0.36107960468530653, 0.17415832318365573], "std": [0.3798359463952218, 0.34757558257949694, 0.26766670603002746, 0.27631800536231277, 22.84397720248135, 22.359239946984705, 0.0052065305153347645, 1.2747690704363477, 1.2000264134652379]}, "static": {"mean": [-0.14448472809791565, 0.12339030838012695, 0.76279296875], "std": [0.3339640175418128, 0.5170433893836782, 0.056296642886362686]}}