{"total_n": 152559, "sampled_n": 152559, "space_time_high_res": {"mean": [-10.577118182546462, -17.413747730102024, 37.87672146761802, 4353.812924442672, 3882.4714859394135, 4143.164481541021, 4553.686576667571, 1984.6073453947486, 1691.285757395636, 0.40983663406386944, 0.36108484889534986, 0.3769700502033976, 0.44525105642564017, 0.18602104210359371, 0.15829798053673816], "std": [5.549875127263841, 5.52247086353095, 6.246272206074418, 2659.3241333545625, 2535.7876350987553, 2898.523478436185, 2815.647414817182, 1410.2812943148137, 1215.6321478201032, 0.26012964358343504, 0.25280879395539274, 0.28397523263932617, 0.28897991416969265, 0.13838916959794115, 0.12082495412160361]}, "space_time_med_res": {"mean": [87.26304896500532, 34.9697076889377], "std": [60.57194781681194, 26.933913691634007]}, "space_time_low_res": {"mean": [4643.811665095236, 5026.624925509647, 4610.635207942517, 4655.987361096781, 3961.8422347875894, 2449.3430132621206, 1529.3952947142036, 0.4489128557701946, 0.23627941508602207, 0.22848939228261303, 0.10832287238162025], "std": [2890.8877149766913, 2493.183929693802, 2908.8608451539467, 2887.4632988582116, 1880.7297166295346, 1439.2873447260633, 1056.4458841938367, 0.2972102527320826, 0.14612073456521718, 0.3661059210130273, 0.19924624041928912]}, "space": {"mean": [1310.152802906603, 17.89735732318929, 177.6182724630746, 0.560338982719415, 0.009088133726737512, 0.27561468285169677, 0.005720156037608942, 0.0018916399691690604, 0.0585718940469443, 0.02135581924199948, 0.009941230933302745, 9.867230967107614e-05, 0.0, 0.05737878816198635], "std": [785.4857516714201, 11.366248795647541, 104.74749922704228, 0.4963458545454554, 0.09489752134822155, 0.4468234881710889, 0.07541509037480155, 0.04345183159091337, 0.23482169258961705, 0.14456745221637182, 0.09920888502177538, 0.009932903578701099, 0.0, 0.23256496483253605]}, "time": {"mean": [0.45816973215305734, 0.49394365576982674, 0.23513348776524087, 0.23887112761717894, 266.840673083913, 268.4170796454643, 0.002648917660436159, 0.38598109602431546, 0.15003408501065887], "std": [0.29438185279294077, 0.24593392161424962, 0.13710222779644296, 0.15406434796497845, 12.981804159101426, 11.94776532518963, 0.005732518625909269, 1.331282418647898, 1.2581386859148131]}, "static": {"mean": [-0.12504357870538374, 0.12746109417063345, 0.7631666785473158], "std": [0.36255286259646174, 0.5009366633492187, 0.057563421308877004]}}
