{"n": 112270, "space_time": {"mean": [-1.0587150505568892, -1.0701228274765229, 1.4009535759553566e-05, 1.3445506948066605e-05, 1.3506596384571447e-05, 1.5506859835980248e-05, 2.1920958317863717e-05, 2.5310622642252532e-05, 2.4160065036034642e-05, 2.7551817417076888e-05, 2.2341138631771236e-05, 1.4764745291261384e-05, 0.2877430129140041], "std": [0.005055244230716281, 0.005535122796540403, 7.845306920784332e-06, 7.63198483522023e-06, 8.59987237689956e-06, 8.220390322943247e-06, 8.224836399401606e-06, 8.776305103840649e-06, 8.430684170737493e-06, 8.95067906022618e-06, 6.932539302016071e-06, 6.079419969148896e-06, 0.16519915841099483]}, "space": {"mean": [0.00016677282244283295, 0.0023938797562999387, 0.10514729875826888, 0.23983949154304085, 0.08075250792116298, 0.04308228910394201, 0.11305960476912856, 0.17135312567735317, 0.07085032882426322, 0.12208137535212892, 0.04710082622646469, 0.0011177161082764715, 0.00011347827801284944, 0.00017025648013952634, 3.2606882867937707e-06, 0.00013693611022529506], "std": [8.550010800129669e-06, 0.0016361310001619784, 0.06758455322660538, 0.116917673222908, 0.04427566865092907, 0.0227590554770597, 0.05623749743895227, 0.05889292561031386, 0.07062359420863107, 0.04167164281197278, 0.01749571220371255, 0.002012460993455053, 0.0008773716982120594, 0.0009119282765898461, 0.00014219889140375328, 0.0008606525768811536]}, 'time': {'mean': [8.219821197444213, 95.06520736263496, 3.1839629952163856e-05, 8.774368477676829e-06, 0.00014008077552740835, 0.00015470310064535854], 'std': [0.06468635680283308, 131.52321141237812, 3.418304798144322e-05, 1.1697628422858847e-05, 0.00011373453229025856, 0.0008816414473788294]}, "static": {"mean": [-1.0000107872464759, 0.28401914416252355, 0.11744513020146392, 0.06505837159536096, 0.10517589471065711, 0.23981737603835152, 0.08076128829477948, 0.04307460384822582, 0.11306348841528159, 0.17137247445726286, 0.0708094567386982, 0.12208225834961026, 0.04710702660237283, 1.1177044252662508e-05, 1.1331230372793189e-06, 1.7020690894523778e-06, 3.2304952965826435e-08, 1.3668200493368605e-06], 'std': [1.6177350108931652e-07, 0.5259196453108786, 0.7004223266851048, 0.366244574919867, 0.17430174137991125, 0.2042394720244124, 0.06484708946866821, 0.034430699941863444, 0.09792621617354653, 0.11184032473777984, 0.09802239208240585, 0.1307707920428099, 0.041616545503129494, 2.4014703600864018e-05, 5.79936106706519e-06, 9.011476971209628e-06, 9.99345149978401e-07, 7.68293387823844e-06]}}